0.61695,0.079823,0.7669,0.42313,0.65539,cluster1
0.93607,0.078056,0.76616,0.41944,0.64754,cluster1
0.7345,0.064727,0.76802,0.41625,0.65484,cluster1
0.53428,0.074329,0.79217,0.40907,0.65131,cluster1
0.45441,0.078246,0.77959,0.42614,0.66058,cluster1
0.32081,0.077996,0.76565,0.41352,0.66465,cluster1
0.47467,0.07541,0.78563,0.40809,0.65231,cluster1
0.89602,0.071558,0.7657,0.42141,0.65863,cluster1
0.66641,0.087806,0.77191,0.41196,0.63793,cluster1
0.35831,0.067044,0.77059,0.42702,0.6496,cluster1
0.98938,0.082891,0.78696,0.42283,0.65519,cluster1
0.96476,0.068057,0.77646,0.41896,0.65823,cluster1
0.92004,0.074753,0.77831,0.43195,0.64489,cluster1
0.64813,0.080964,0.7613,0.41333,0.63983,cluster1
0.77393,0.081509,0.76753,0.42541,0.64469,cluster1
0.93153,0.071025,0.76875,0.40973,0.64391,cluster1
0.27775,0.068147,0.7678,0.42519,0.65731,cluster1
0.82958,0.085277,0.76416,0.41536,0.64697,cluster1
0.47703,0.070758,0.77362,0.4203,0.65141,cluster1
0.40825,0.09339,0.75391,0.44274,0.65311,cluster1
0.37921,0.089218,0.7799,0.42574,0.65119,cluster1
0.21926,0.088053,0.77056,0.41387,0.65705,cluster1
0.75904,0.069637,0.77257,0.39947,0.64404,cluster1
0.17302,0.078287,0.77863,0.42883,0.6405,cluster1
0.90549,0.073017,0.76763,0.42499,0.64684,cluster1
0.92043,0.066487,0.77758,0.40665,0.64558,cluster1
0.38053,0.088673,0.76711,0.43223,0.65487,cluster1
0.64113,0.073059,0.762,0.41826,0.64229,cluster1
0.36557,0.086425,0.77959,0.42244,0.65096,cluster1
0.11941,0.072599,0.77539,0.41886,0.65441,cluster1
0.57494,0.077432,0.77471,0.43329,0.65688,cluster1
0.39003,0.056443,0.76909,0.43963,0.64473,cluster1
0.25905,0.073614,0.77947,0.41848,0.64138,cluster1
0.31724,0.084502,0.787,0.41907,0.66681,cluster1
0.92977,0.087955,0.76662,0.42171,0.64349,cluster1
0.95193,0.094632,0.7685,0.40604,0.65783,cluster1
0.91435,0.059085,0.77536,0.42683,0.6586,cluster1
0.31265,0.063131,0.78178,0.41142,0.64317,cluster1
0.81089,0.086136,0.77318,0.41881,0.64572,cluster1
0.79461,0.069932,0.76816,0.4146,0.64978,cluster1
0.7508,0.079759,0.77449,0.42387,0.65318,cluster1
0.61087,0.063742,0.77637,0.41888,0.64905,cluster1
0.71457,0.079208,0.76885,0.41867,0.64103,cluster1
0.37328,0.071729,0.75882,0.43155,0.64998,cluster1
0.47912,0.073044,0.77006,0.40983,0.65875,cluster1
0.7443,0.087135,0.7721,0.41133,0.64836,cluster1
0.1596,0.076836,0.76621,0.41449,0.65361,cluster1
0.56888,0.064132,0.76043,0.41015,0.64458,cluster1
0.24902,0.079895,0.7737,0.42471,0.63201,cluster1
0.94115,0.091863,0.77146,0.41813,0.6577,cluster1
0.33798,0.083881,0.78724,0.42242,0.66063,cluster1
0.229,0.091202,0.77486,0.4086,0.657,cluster1
0.98358,0.097357,0.77802,0.41125,0.63207,cluster1
0.40631,0.062785,0.77441,0.41216,0.64556,cluster1
0.59546,0.076422,0.77103,0.40579,0.63846,cluster1
0.94335,0.090078,0.77164,0.41142,0.65783,cluster1
0.85842,0.079761,0.77098,0.42509,0.64336,cluster1
0.67043,0.072899,0.76769,0.41494,0.65031,cluster1
0.82735,0.079047,0.75978,0.41322,0.65568,cluster1
0.31742,0.081231,0.77543,0.42635,0.6541,cluster1
0.95585,0.086384,0.77107,0.41692,0.64905,cluster1
0.31079,0.083898,0.76918,0.42805,0.63748,cluster1
0.81791,0.083092,0.77513,0.43594,0.65235,cluster1
0.13507,0.071647,0.77576,0.42153,0.63949,cluster1
0.98496,0.066857,0.77116,0.42727,0.66131,cluster1
0.84073,0.081897,0.78818,0.41676,0.65398,cluster1
0.72547,0.065456,0.78528,0.42378,0.65592,cluster1
0.9292,0.081637,0.7608,0.42484,0.65486,cluster1
0.40348,0.08073,0.76704,0.43138,0.65743,cluster1
0.9586,0.082836,0.77282,0.43464,0.66313,cluster1
0.56278,0.077806,0.77987,0.43226,0.65299,cluster1
0.94861,0.061542,0.76997,0.40436,0.64208,cluster1
0.13697,0.065443,0.76134,0.4104,0.65209,cluster1
0.26893,0.089818,0.76824,0.42694,0.64075,cluster1
0.80849,0.070988,0.77359,0.42459,0.65714,cluster1
0.43512,0.076794,0.76874,0.42246,0.63443,cluster1
0.6765,0.070302,0.76638,0.40475,0.64633,cluster1
0.66747,0.076113,0.78766,0.4187,0.63823,cluster1
0.64265,0.075443,0.76746,0.41671,0.64528,cluster1
0.95307,0.074908,0.77619,0.41555,0.65877,cluster1
0.93105,0.076023,0.76756,0.42294,0.65609,cluster1
0.42842,0.093214,0.78243,0.42584,0.65005,cluster1
0.37627,0.069871,0.77319,0.42231,0.65637,cluster1
0.70552,0.089685,0.76203,0.40574,0.65511,cluster1
0.76851,0.079109,0.77747,0.41632,0.66195,cluster1
0.32745,0.0585,0.76947,0.41261,0.66832,cluster1
0.40115,0.080125,0.78791,0.42761,0.64483,cluster1
0.32459,0.078326,0.77986,0.42276,0.62885,cluster1
0.61133,0.079762,0.7766,0.41161,0.64218,cluster1
0.43645,0.078607,0.76889,0.4127,0.65468,cluster1
0.30897,0.074611,0.77933,0.41599,0.6498,cluster1
0.88424,0.078339,0.7565,0.42134,0.65558,cluster1
0.86778,0.079869,0.77013,0.41805,0.64203,cluster1
0.66564,0.080575,0.75807,0.42764,0.64756,cluster1
0.30981,0.067646,0.77855,0.42538,0.6545,cluster1
0.53418,0.076201,0.77421,0.42212,0.64793,cluster1
0.73523,0.0824,0.77039,0.42239,0.66461,cluster1
0.86567,0.086975,0.76823,0.41567,0.65589,cluster1
0.81866,0.084076,0.77753,0.43651,0.64511,cluster1
0.46708,0.075742,0.77541,0.4199,0.64686,cluster1
0.6452,0.083188,0.76501,0.40373,0.65327,cluster1
0.76645,0.085637,0.77068,0.40941,0.64901,cluster1
0.38264,0.079142,0.77516,0.40965,0.63954,cluster1
0.29212,0.084864,0.76286,0.4193,0.64952,cluster1
0.39472,0.065382,0.76875,0.41393,0.64455,cluster1
0.85645,0.08468,0.77142,0.42575,0.65341,cluster1
0.25772,0.086318,0.77551,0.42466,0.65198,cluster1
0.73988,0.087833,0.77366,0.42466,0.66335,cluster1
0.54962,0.074979,0.76866,0.41961,0.64728,cluster1
0.97529,0.080349,0.77636,0.41346,0.63584,cluster1
0.12847,0.076602,0.76496,0.44053,0.64878,cluster1
0.59341,0.091689,0.77344,0.40997,0.66021,cluster1
0.33489,0.076948,0.77079,0.41365,0.63921,cluster1
0.42715,0.081626,0.76596,0.43768,0.64657,cluster1
0.42347,0.082601,0.78591,0.42671,0.64097,cluster1
0.93543,0.091156,0.78973,0.4233,0.65608,cluster1
0.70166,0.077626,0.7739,0.42848,0.66552,cluster1
0.786,0.074166,0.77721,0.41196,0.63932,cluster1
0.23633,0.082706,0.76849,0.41173,0.64929,cluster1
0.94171,0.093906,0.77726,0.41786,0.64811,cluster1
0.38042,0.079729,0.76975,0.41242,0.64242,cluster1
0.17393,0.085347,0.77388,0.42748,0.65433,cluster1
0.63198,0.090778,0.77778,0.414,0.63026,cluster1
0.53213,0.075421,0.7807,0.42127,0.64439,cluster1
0.35616,0.079379,0.79302,0.41954,0.65501,cluster1
0.22299,0.074146,0.76801,0.43128,0.63824,cluster1
0.36605,0.087036,0.77364,0.43127,0.66441,cluster1
0.18174,0.069238,0.77168,0.41482,0.63877,cluster1
0.35204,0.079028,0.77932,0.43222,0.65515,cluster1
0.8703,0.094649,0.76595,0.415,0.64176,cluster1
0.32087,0.063275,0.77751,0.40415,0.64487,cluster1
0.38957,0.076593,0.76427,0.42225,0.64649,cluster1
0.55861,0.075069,0.77488,0.40372,0.65266,cluster1
0.77883,0.080083,0.78126,0.41183,0.64031,cluster1
0.99619,0.089695,0.75735,0.43002,0.65561,cluster1
0.1908,0.08275,0.77887,0.41813,0.64455,cluster1
0.43749,0.08459,0.76814,0.43751,0.65053,cluster1
0.27693,0.070911,0.77027,0.41989,0.648,cluster1
0.44473,0.084577,0.7586,0.41538,0.65987,cluster1
0.57908,0.08639,0.77058,0.43513,0.64058,cluster1
0.5676,0.07589,0.76696,0.41599,0.66642,cluster1
0.12536,0.078596,0.76661,0.42716,0.64872,cluster1
0.53452,0.072292,0.77269,0.4221,0.63409,cluster1
0.52885,0.075112,0.78103,0.40977,0.6533,cluster1
0.42188,0.076298,0.76446,0.42233,0.64297,cluster1
0.52879,0.075815,0.78085,0.42663,0.64533,cluster1
0.41517,0.07337,0.78117,0.42368,0.64461,cluster1
0.46588,0.081048,0.76411,0.42182,0.65535,cluster1
0.68133,0.07443,0.7823,0.41881,0.65329,cluster1
0.61895,0.075187,0.78293,0.41792,0.64545,cluster1
0.4756,0.085994,0.76735,0.41233,0.66963,cluster1
0.14508,0.085595,0.77149,0.40939,0.63967,cluster1
0.34438,0.085115,0.76825,0.42187,0.64475,cluster1
0.26146,0.071488,0.76735,0.41269,0.64675,cluster1
0.42157,0.086322,0.78183,0.42166,0.65858,cluster1
0.91559,0.069837,0.75926,0.42453,0.64663,cluster1
0.58013,0.094976,0.78709,0.42503,0.65575,cluster1
0.71892,0.084598,0.77529,0.4219,0.65284,cluster1
0.57123,0.08186,0.76806,0.42981,0.64955,cluster1
0.75311,0.0821,0.77163,0.42241,0.65831,cluster1
0.17005,0.067058,0.77388,0.41912,0.65301,cluster1
0.52005,0.092501,0.76033,0.40993,0.65389,cluster1
0.90273,0.07141,0.76365,0.40293,0.66308,cluster1
0.14455,0.063768,0.7729,0.41798,0.64868,cluster1
0.98221,0.082985,0.78057,0.42078,0.63962,cluster1
0.61934,0.084971,0.77791,0.42283,0.64885,cluster1
0.55844,0.054746,0.77495,0.42912,0.65524,cluster1
0.63904,0.076476,0.78003,0.42381,0.65931,cluster1
0.67517,0.082125,0.77295,0.41753,0.64815,cluster1
0.68575,0.076257,0.77405,0.42513,0.66613,cluster1
0.68719,0.078514,0.7824,0.42031,0.67557,cluster1
0.99511,0.081434,0.77255,0.42484,0.6569,cluster1
0.18583,0.068635,0.76788,0.41525,0.65129,cluster1
0.93026,0.088125,0.77152,0.43477,0.64224,cluster1
0.67367,0.082413,0.77026,0.41554,0.6356,cluster1
0.41194,0.067739,0.784,0.42392,0.6381,cluster1
0.11731,0.46457,0.65347,0.26752,0.73715,cluster2
0.11747,0.4702,0.6519,0.26911,0.7342,cluster2
0.11204,0.46257,0.65345,0.25895,0.73087,cluster2
0.1287,0.46575,0.65439,0.26605,0.72909,cluster2
0.1207,0.46864,0.653,0.28013,0.74055,cluster2
0.11623,0.47033,0.6529,0.26565,0.73509,cluster2
0.11619,0.46306,0.6556,0.26651,0.73832,cluster2
0.11592,0.48495,0.66124,0.27605,0.73886,cluster2
0.12482,0.45227,0.64925,0.27554,0.73653,cluster2
0.11488,0.47403,0.64692,0.26753,0.73247,cluster2
0.10922,0.4638,0.64875,0.27711,0.71461,cluster2
0.11338,0.46199,0.65551,0.27382,0.74722,cluster2
0.11483,0.47064,0.6608,0.28775,0.74092,cluster2
0.1275,0.46004,0.64722,0.27242,0.73863,cluster2
0.10839,0.47279,0.64604,0.27075,0.73187,cluster2
0.13015,0.4647,0.64508,0.2812,0.74488,cluster2
0.13337,0.47197,0.64962,0.27832,0.71807,cluster2
0.097934,0.45717,0.64702,0.27308,0.73804,cluster2
0.11151,0.47646,0.64158,0.27942,0.73315,cluster2
0.12234,0.4721,0.65563,0.26917,0.72378,cluster2
0.12582,0.44832,0.65194,0.28209,0.71876,cluster2
0.1199,0.4727,0.66458,0.26297,0.73616,cluster2
0.11855,0.45689,0.64505,0.28655,0.73836,cluster2
0.10156,0.47364,0.65541,0.26132,0.72667,cluster2
0.12164,0.46639,0.65349,0.27815,0.72841,cluster2
0.11786,0.44911,0.63695,0.27534,0.74381,cluster2
0.11254,0.47103,0.65237,0.27131,0.74354,cluster2
0.1318,0.48022,0.64985,0.27256,0.72961,cluster2
0.13242,0.46415,0.65754,0.27285,0.73638,cluster2
0.14107,0.46391,0.64807,0.26715,0.74195,cluster2
0.1179,0.46839,0.64351,0.26691,0.74127,cluster2
0.11886,0.47417,0.64389,0.2653,0.74578,cluster2
0.12187,0.46863,0.64855,0.27437,0.74617,cluster2
0.10071,0.47354,0.63709,0.28189,0.73466,cluster2
0.095658,0.46961,0.63885,0.27617,0.72736,cluster2
0.12396,0.47079,0.65032,0.27565,0.73692,cluster2
0.10835,0.46216,0.6617,0.26575,0.73138,cluster2
0.11065,0.47314,0.64393,0.27969,0.73357,cluster2
0.11793,0.45963,0.65341,0.26614,0.72692,cluster2
0.12907,0.46922,0.63556,0.27973,0.73445,cluster2
0.12746,0.45878,0.66229,0.27417,0.72837,cluster2
0.11576,0.46414,0.6478,0.269,0.7374,cluster2
0.11895,0.45902,0.63456,0.26794,0.72516,cluster2
0.1173,0.47878,0.65065,0.2705,0.72789,cluster2
0.11274,0.46819,0.65535,0.26347,0.7285,cluster2
0.10803,0.46916,0.66503,0.2772,0.74985,cluster2
0.12609,0.46503,0.6587,0.2706,0.74364,cluster2
0.106,0.47543,0.65466,0.28626,0.72958,cluster2
0.11921,0.45547,0.65528,0.25923,0.73835,cluster2
0.12068,0.47638,0.6516,0.28081,0.73359,cluster2
0.1292,0.45844,0.64501,0.27729,0.72775,cluster2
0.11399,0.46118,0.65398,0.25697,0.73267,cluster2
0.11167,0.47293,0.64772,0.26531,0.73019,cluster2
0.11708,0.4716,0.64881,0.29006,0.73506,cluster2
0.12329,0.48235,0.63118,0.27629,0.73041,cluster2
0.12864,0.4746,0.65272,0.26952,0.72864,cluster2
0.10577,0.45451,0.64983,0.27306,0.74016,cluster2
0.11569,0.46233,0.64269,0.2779,0.73191,cluster2
0.12126,0.45721,0.65939,0.26794,0.73678,cluster2
0.1153,0.46486,0.63896,0.27723,0.73594,cluster2
0.10567,0.47299,0.63559,0.27596,0.74264,cluster2
0.12106,0.47101,0.63684,0.26559,0.73704,cluster2
0.10753,0.4618,0.66186,0.2794,0.72376,cluster2
0.10579,0.47138,0.66128,0.27835,0.73688,cluster2
0.11596,0.47027,0.64537,0.26792,0.72506,cluster2
0.11553,0.45686,0.64691,0.26173,0.72604,cluster2
0.11281,0.46607,0.65454,0.256,0.74171,cluster2
0.027118,0.85338,0.22862,0.15422,0.14742,cluster3
0.034109,0.83843,0.22389,0.15054,0.15939,cluster3
0.040506,0.84591,0.22755,0.14899,0.14466,cluster3
0.035551,0.85047,0.22356,0.17076,0.15032,cluster3
0.044001,0.83962,0.23379,0.15941,0.15379,cluster3
0.034264,0.8391,0.23069,0.1484,0.13782,cluster3
0.038775,0.85226,0.22137,0.1502,0.14033,cluster3
0.037687,0.8425,0.24069,0.15099,0.15358,cluster3
0.054978,0.8489,0.2357,0.14929,0.14675,cluster3
0.033281,0.85279,0.22378,0.15369,0.15061,cluster3
0.042059,0.83911,0.23366,0.1593,0.15365,cluster3
0.047518,0.85097,0.23104,0.16097,0.15747,cluster3
0.035148,0.85324,0.23001,0.14846,0.15401,cluster3
0.035525,0.84322,0.24445,0.15529,0.15281,cluster3
0.043222,0.83368,0.22395,0.14817,0.15472,cluster3
0.044762,0.83693,0.22946,0.16628,0.14817,cluster3
0.037637,0.85944,0.23712,0.15944,0.15728,cluster3
0.036986,0.86239,0.24394,0.15288,0.14127,cluster3
0.030403,0.84754,0.23009,0.15955,0.15757,cluster3
0.040471,0.8495,0.23068,0.132,0.1655,cluster3
0.049146,0.8496,0.22096,0.14207,0.14682,cluster3
0.034847,0.84793,0.23393,0.1504,0.1653,cluster3
0.040158,0.83239,0.23239,0.1648,0.14902,cluster3
0.042285,0.85076,0.21879,0.1512,0.16088,cluster3
0.047778,0.83697,0.22875,0.16116,0.15249,cluster3
0.041846,0.83988,0.23769,0.14763,0.15315,cluster3
0.050015,0.83907,0.23436,0.15108,0.16147,cluster3
0.037513,0.84223,0.22822,0.14699,0.15985,cluster3
0.03789,0.83323,0.23927,0.15015,0.14768,cluster3
0.042106,0.85102,0.25819,0.1604,0.14553,cluster3
0.042231,0.84542,0.20964,0.14648,0.1626,cluster3
0.037417,0.84913,0.21886,0.15143,0.15428,cluster3
0.035076,0.83141,0.22879,0.15838,0.14565,cluster3
0.029159,0.83922,0.22083,0.16689,0.16213,cluster3
0.038386,0.84137,0.2399,0.15014,0.17082,cluster3
0.045494,0.84218,0.22485,0.15659,0.14617,cluster3
0.0376,0.84514,0.23383,0.15578,0.16717,cluster3
0.029769,0.84187,0.2347,0.14684,0.14741,cluster3
0.0381,0.85431,0.2288,0.16755,0.16397,cluster3
0.037646,0.8546,0.23948,0.15577,0.17137,cluster3
0.03097,0.83719,0.22829,0.16045,0.16441,cluster3
0.042049,0.85167,0.23009,0.16807,0.16061,cluster3
0.046601,0.85975,0.23176,0.15388,0.14838,cluster3
0.02909,0.83159,0.22389,0.14693,0.15619,cluster3
0.043251,0.84637,0.22886,0.1602,0.14904,cluster3
0.052734,0.84783,0.22371,0.16058,0.1665,cluster3
0.03538,0.83129,0.23417,0.15755,0.13957,cluster3
0.046775,0.84175,0.23079,0.14151,0.15999,cluster3
0.039655,0.83713,0.23228,0.15786,0.15322,cluster3
0.039476,0.84371,0.22459,0.15433,0.15055,cluster3
0.054484,0.8424,0.2357,0.14437,0.15045,cluster3
0.041835,0.83582,0.22879,0.15229,0.15949,cluster3
0.038723,0.84028,0.22553,0.15904,0.14987,cluster3
0.043299,0.84977,0.22384,0.16087,0.15703,cluster3
0.035557,0.84682,0.23452,0.15022,0.16395,cluster3
0.046814,0.85949,0.23626,0.14982,0.14076,cluster3
0.035915,0.83543,0.23473,0.16299,0.14019,cluster3
0.058957,0.86665,0.23289,0.14958,0.13387,cluster3
0.034588,0.84815,0.22943,0.14842,0.15924,cluster3
0.049709,0.84683,0.23654,0.15448,0.16268,cluster3
0.040865,0.85309,0.24073,0.14249,0.14857,cluster3
0.02711,0.83675,0.23012,0.16473,0.14444,cluster3
0.054364,0.85324,0.21992,0.14759,0.14346,cluster3
0.046199,0.84601,0.23235,0.15197,0.14779,cluster3
0.045808,0.84335,0.22225,0.14382,0.15626,cluster3
0.041647,0.83558,0.22315,0.15165,0.13798,cluster3
0.038753,0.85421,0.24873,0.13733,0.13961,cluster3
0.039371,0.85411,0.2249,0.14531,0.1509,cluster3
0.052808,0.84773,0.23682,0.16056,0.15222,cluster3
0.020097,0.84921,0.23006,0.14402,0.15126,cluster3
0.035648,0.83332,0.23706,0.15323,0.14025,cluster3
0.047214,0.84176,0.22773,0.15973,0.15537,cluster3
0.03944,0.85564,0.22103,0.15082,0.16624,cluster3
0.051063,0.85762,0.23847,0.16071,0.14292,cluster3
0.051329,0.84397,0.23624,0.15127,0.14934,cluster3
0.033922,0.84098,0.2246,0.15755,0.13507,cluster3
0.040274,0.84182,0.23102,0.14981,0.14383,cluster3
0.032158,0.85309,0.2451,0.16837,0.15699,cluster3
0.030789,0.83511,0.23822,0.1527,0.15158,cluster3
0.041588,0.84074,0.22619,0.15619,0.1485,cluster3
0.041148,0.84152,0.22671,0.1406,0.16256,cluster3
0.037514,0.83743,0.23088,0.13947,0.14574,cluster3
0.024703,0.85271,0.22558,0.15541,0.15692,cluster3
0.03331,0.83692,0.24355,0.14026,0.15224,cluster3
0.037388,0.8366,0.23534,0.14674,0.15711,cluster3
0.041812,0.84313,0.23886,0.15227,0.16312,cluster3
0.035133,0.83928,0.22959,0.15667,0.15852,cluster3
0.042065,0.8467,0.23226,0.16651,0.13878,cluster3
0.042642,0.84052,0.22376,0.145,0.16076,cluster3
0.031613,0.85051,0.23647,0.14956,0.14989,cluster3
0.042961,0.86041,0.24202,0.14757,0.14102,cluster3
0.039447,0.84355,0.22283,0.15236,0.15703,cluster3
0.032737,0.84557,0.23327,0.15205,0.14337,cluster3
0.055542,0.85158,0.23129,0.15563,0.14173,cluster3
0.048035,0.84396,0.22593,0.16008,0.16791,cluster3
0.023278,0.84512,0.22813,0.15207,0.14852,cluster3
0.038329,0.83485,0.23148,0.14718,0.14912,cluster3
0.0398,0.84297,0.22274,0.14832,0.1504,cluster3
0.034909,0.84451,0.22097,0.14988,0.15629,cluster3
0.034688,0.84069,0.21343,0.15445,0.14978,cluster3
0.030466,0.8467,0.22193,0.15481,0.14921,cluster3
0.03185,0.84322,0.2352,0.16751,0.13746,cluster3
0.031368,0.84408,0.23472,0.15065,0.16158,cluster3
0.039232,0.84466,0.24046,0.14505,0.15104,cluster3
0.044095,0.84626,0.22686,0.1632,0.15753,cluster3
0.043197,0.84224,0.22691,0.15655,0.14491,cluster3
0.047227,0.84969,0.24461,0.14478,0.15326,cluster3
0.03922,0.84597,0.24252,0.14369,0.16196,cluster3
0.036525,0.84974,0.23634,0.16116,0.14575,cluster3
0.025014,0.84056,0.23794,0.14985,0.16216,cluster3
0.03788,0.85774,0.23378,0.14794,0.15436,cluster3
0.038987,0.84691,0.24065,0.15913,0.1557,cluster3
0.038455,0.83193,0.23145,0.16499,0.14872,cluster3
0.033475,0.84974,0.23938,0.1486,0.14777,cluster3
0.038289,0.85159,0.23448,0.15461,0.14916,cluster3
0.038549,0.83176,0.23292,0.15241,0.15451,cluster3
0.03888,0.84612,0.23253,0.16095,0.15485,cluster3
0.0557,0.84542,0.21614,0.16061,0.14701,cluster3
0.051896,0.84496,0.24528,0.13753,0.14913,cluster3
0.035044,0.84423,0.23932,0.15917,0.14568,cluster3
0.031304,0.84636,0.22802,0.15362,0.15924,cluster3
0.043975,0.84293,0.24296,0.16708,0.1717,cluster3
0.03589,0.84035,0.23896,0.15632,0.15445,cluster3
0.033107,0.85503,0.22289,0.1521,0.15419,cluster3
0.04128,0.849,0.22906,0.16841,0.15589,cluster3
0.035303,0.83937,0.23451,0.17504,0.15264,cluster3
0.040775,0.85306,0.24127,0.16058,0.15566,cluster3
0.036987,0.82858,0.24037,0.15424,0.16187,cluster3
0.037225,0.84382,0.21623,0.14517,0.16421,cluster3
0.044501,0.84378,0.22421,0.16596,0.15013,cluster3
0.036794,0.83632,0.22793,0.17047,0.1574,cluster3
0.042813,0.83689,0.23827,0.16685,0.15056,cluster3
0.04145,0.8487,0.22278,0.16934,0.14676,cluster3
0.036085,0.83991,0.22539,0.15203,0.1578,cluster3
0.038382,0.84743,0.22131,0.15735,0.15416,cluster3
0.035478,0.83091,0.2287,0.15376,0.14032,cluster3
0.033696,0.84259,0.23587,0.15915,0.15824,cluster3
0.039897,0.85335,0.232,0.1492,0.15293,cluster3
0.026277,0.84193,0.2278,0.14661,0.15743,cluster3
0.033719,0.8413,0.2346,0.16424,0.1532,cluster3
0.044343,0.84789,0.23233,0.14136,0.14439,cluster3
0.038406,0.84061,0.21675,0.16283,0.14963,cluster3
0.030217,0.85108,0.23218,0.1557,0.16335,cluster3
0.036596,0.85565,0.2412,0.14071,0.14764,cluster3
0.04228,0.8458,0.23659,0.15908,0.14113,cluster3
0.044603,0.84436,0.23053,0.15724,0.15136,cluster3
0.035537,0.84456,0.23539,0.14688,0.15501,cluster3
0.03968,0.83375,0.23762,0.17052,0.14543,cluster3
0.026013,0.85291,0.23338,0.16856,0.15022,cluster3
0.041292,0.84878,0.23711,0.16842,0.15412,cluster3
0.028336,0.83492,0.22783,0.15608,0.154,cluster3
0.02836,0.85682,0.23348,0.15979,0.15311,cluster3
0.034107,0.83484,0.2206,0.16666,0.1575,cluster3
0.036156,0.83401,0.24066,0.15808,0.16218,cluster3
0.037655,0.85673,0.20724,0.15897,0.14047,cluster3
0.037822,0.83046,0.24003,0.16761,0.17041,cluster3
0.04256,0.84225,0.23167,0.14024,0.15147,cluster3
0.034845,0.83459,0.20285,0.14799,0.15558,cluster3
0.040632,0.8357,0.23977,0.16735,0.15344,cluster3
0.051126,0.84446,0.2312,0.15297,0.16955,cluster3
0.036456,0.84735,0.22983,0.14268,0.14418,cluster3
0.042131,0.84364,0.23288,0.15539,0.15381,cluster3
0.042614,0.82914,0.228,0.13773,0.15615,cluster3
0.038339,0.86199,0.22904,0.15637,0.15249,cluster3
0.048655,0.83214,0.22166,0.15815,0.15048,cluster3
0.036421,0.83185,0.24675,0.15438,0.1599,cluster3
0.048466,0.84234,0.22827,0.15762,0.15304,cluster3
0.041014,0.85026,0.22858,0.16323,0.16396,cluster3
0.03148,0.85234,0.23087,0.15678,0.15977,cluster3
0.048895,0.83684,0.22407,0.16477,0.14296,cluster3
0.031112,0.84728,0.23269,0.15245,0.16139,cluster3
0.059989,0.8485,0.22356,0.1523,0.16385,cluster3
0.034864,0.86061,0.22073,0.17066,0.15165,cluster3
0.034779,0.8387,0.24445,0.14751,0.16432,cluster3
0.067999,0.84183,0.23286,0.15754,0.15355,cluster3
0.045418,0.84442,0.22802,0.16055,0.14629,cluster3
0.039066,0.83814,0.22112,0.1498,0.15992,cluster3
0.049679,0.83289,0.23287,0.14443,0.15949,cluster3
0.041807,0.83255,0.23027,0.15554,0.1549,cluster3
0.028456,0.85976,0.22756,0.14823,0.15072,cluster3
0.047385,0.82838,0.21092,0.14953,0.15325,cluster3
0.050399,0.84588,0.22926,0.15383,0.14327,cluster3
0.033774,0.85669,0.23426,0.15706,0.14957,cluster3
0.043903,0.84367,0.21856,0.14462,0.14685,cluster3
0.023888,0.84473,0.21882,0.16153,0.13998,cluster3
0.043308,0.85829,0.22705,0.15477,0.14163,cluster3
0.029186,0.83937,0.2396,0.15142,0.15783,cluster3
0.038025,0.83509,0.22386,0.14048,0.14521,cluster3
0.030355,0.84709,0.24048,0.14593,0.14399,cluster3
0.030933,0.85896,0.23521,0.14347,0.155,cluster3
0.025963,0.85246,0.21357,0.15653,0.15728,cluster3
0.031868,0.85215,0.24654,0.14961,0.14161,cluster3
0.049268,0.85291,0.23002,0.14445,0.15015,cluster3
0.038688,0.84968,0.23255,0.16179,0.14569,cluster3
0.050613,0.8633,0.22469,0.1508,0.15424,cluster3
0.029381,0.83373,0.23472,0.16246,0.14398,cluster3
0.049271,0.84537,0.22993,0.15341,0.15943,cluster3
0.048232,0.83181,0.22821,0.15244,0.1526,cluster3
0.040729,0.83557,0.2384,0.1707,0.15448,cluster3
0.045404,0.83502,0.21296,0.14965,0.16207,cluster3
0.047414,0.83753,0.21335,0.15858,0.14852,cluster3
0.047327,0.84873,0.23891,0.15766,0.14311,cluster3
0.04222,0.85161,0.24511,0.15233,0.14741,cluster3
0.039069,0.8572,0.23085,0.17053,0.14686,cluster3
0.032105,0.85504,0.22813,0.16057,0.14968,cluster3
0.040469,0.84684,0.23017,0.15336,0.16367,cluster3
0.051263,0.83309,0.23261,0.15043,0.15544,cluster3
0.033493,0.85948,0.23505,0.14509,0.16085,cluster3
0.024497,0.85681,0.22091,0.15705,0.15653,cluster3
0.044138,0.84763,0.2338,0.14859,0.15696,cluster3
0.032676,0.85957,0.23998,0.15404,0.13986,cluster3
0.047367,0.85705,0.22661,0.15854,0.16661,cluster3
0.042039,0.82769,0.22627,0.1597,0.15539,cluster3
0.034713,0.85,0.23433,0.14879,0.14758,cluster3
0.031338,0.85184,0.23022,0.14737,0.16008,cluster3
0.032329,0.8473,0.21987,0.14215,0.1499,cluster3
0.038329,0.84895,0.22688,0.15217,0.15477,cluster3
0.044086,0.86726,0.23326,0.1512,0.1486,cluster3
0.072726,0.57084,0.19684,0.10319,0.15049,cluster4
0.077578,0.56407,0.19923,0.11401,0.16926,cluster4
0.067074,0.57512,0.20017,0.1155,0.16129,cluster4
0.073392,0.57646,0.19238,0.11619,0.1554,cluster4
0.078695,0.57334,0.18895,0.11844,0.14096,cluster4
0.072093,0.57899,0.19254,0.11897,0.15239,cluster4
0.082735,0.5863,0.18625,0.12416,0.17049,cluster4
0.072543,0.58267,0.19532,0.11831,0.1514,cluster4
0.072704,0.57943,0.19332,0.11075,0.16223,cluster4
0.063526,0.56455,0.18898,0.11021,0.14627,cluster4
0.081366,0.57466,0.18369,0.1105,0.15115,cluster4
0.081976,0.58148,0.2005,0.11843,0.15359,cluster4
0.074424,0.58757,0.18308,0.11604,0.15385,cluster4
0.071014,0.58221,0.18315,0.11259,0.15521,cluster4
0.067021,0.56329,0.18501,0.10756,0.16772,cluster4
0.08621,0.57853,0.18311,0.11162,0.16995,cluster4
0.076265,0.56955,0.19147,0.11882,0.15786,cluster4
0.091876,0.57007,0.19212,0.11208,0.14878,cluster4
0.08443,0.57807,0.19039,0.11777,0.16318,cluster4
0.063838,0.57334,0.17148,0.12128,0.16139,cluster4
0.078797,0.5691,0.18334,0.10694,0.15895,cluster4
0.068437,0.5806,0.19997,0.11549,0.16236,cluster4
0.057943,0.57034,0.19064,0.11327,0.16152,cluster4
0.060418,0.5722,0.1961,0.12232,0.16468,cluster4
0.077345,0.57864,0.19687,0.11829,0.15086,cluster4
0.070875,0.57078,0.19025,0.11603,0.16282,cluster4
0.084484,0.57729,0.1838,0.11569,0.15235,cluster4
0.091159,0.55716,0.19888,0.099532,0.161,cluster4
0.080375,0.57275,0.2012,0.11839,0.15648,cluster4
0.086847,0.58238,0.18807,0.11686,0.14192,cluster4
0.080971,0.57844,0.17613,0.11799,0.14963,cluster4
0.068533,0.56881,0.18254,0.10753,0.15459,cluster4
0.067577,0.58171,0.19038,0.1155,0.15173,cluster4
0.073579,0.57552,0.19821,0.10239,0.1479,cluster4
0.081305,0.56349,0.20468,0.11835,0.15551,cluster4
0.075645,0.57815,0.18213,0.1047,0.15556,cluster4
0.073398,0.572,0.19811,0.12038,0.15373,cluster4
0.072308,0.59096,0.17588,0.12324,0.15229,cluster4
0.080065,0.57287,0.19182,0.13523,0.15184,cluster4
0.071558,0.56505,0.19701,0.10127,0.15691,cluster4
0.082482,0.57665,0.19359,0.11875,0.15014,cluster4
0.060482,0.57759,0.20148,0.11357,0.14375,cluster4
0.082754,0.57764,0.18894,0.092323,0.14681,cluster4
0.079532,0.58935,0.18498,0.11291,0.14472,cluster4
0.075371,0.58364,0.19247,0.11599,0.16261,cluster4
0.063773,0.58988,0.20162,0.11108,0.16264,cluster4
0.066414,0.58677,0.1855,0.10964,0.16203,cluster4
0.082987,0.57811,0.18111,0.12141,0.15839,cluster4
0.082807,0.573,0.18908,0.11093,0.14708,cluster4
0.083929,0.56144,0.1896,0.12059,0.15075,cluster4
0.075706,0.57512,0.18442,0.12772,0.15982,cluster4
0.087354,0.58483,0.17647,0.12706,0.15137,cluster4
0.094252,0.57852,0.19907,0.11159,0.16051,cluster4
0.072832,0.57824,0.18812,0.11312,0.16524,cluster4
0.069343,0.57378,0.18352,0.12196,0.15088,cluster4
0.097901,0.56813,0.18929,0.11912,0.1505,cluster4
0.067785,0.57988,0.20648,0.13053,0.15168,cluster4
0.082481,0.58527,0.19408,0.11848,0.14865,cluster4
0.083908,0.57445,0.21545,0.11521,0.16136,cluster4
0.082303,0.582,0.19334,0.1233,0.14414,cluster4
0.062052,0.56563,0.17534,0.11238,0.14883,cluster4
0.076105,0.56526,0.19222,0.1213,0.14957,cluster4
0.073195,0.5621,0.17636,0.11644,0.15272,cluster4
0.081928,0.5798,0.1906,0.12359,0.14577,cluster4
0.078219,0.57471,0.18698,0.12324,0.1551,cluster4
0.075534,0.58179,0.18434,0.1147,0.15615,cluster4
0.062981,0.58741,0.19508,0.10178,0.16566,cluster4
0.093014,0.5691,0.19474,0.12175,0.15057,cluster4
0.084698,0.58488,0.19467,0.11491,0.14418,cluster4
0.081168,0.57632,0.17367,0.12154,0.15903,cluster4
0.088746,0.5877,0.17554,0.11925,0.15711,cluster4
0.0796,0.57193,0.17932,0.1305,0.16662,cluster4
0.08528,0.57384,0.17828,0.12151,0.14617,cluster4
0.059205,0.58098,0.18194,0.11476,0.15612,cluster4
0.059721,0.57817,0.20326,0.12287,0.16336,cluster4
0.085881,0.5723,0.19257,0.13073,0.14871,cluster4
0.085959,0.57474,0.1833,0.12068,0.15278,cluster4
0.08486,0.58664,0.20078,0.10525,0.16738,cluster4
0.06668,0.58274,0.17344,0.11678,0.15707,cluster4
0.074514,0.56732,0.18969,0.11773,0.15077,cluster4
0.080404,0.54996,0.16919,0.10977,0.1538,cluster4
0.081125,0.58371,0.20549,0.11971,0.16628,cluster4
0.066954,0.57217,0.17969,0.11723,0.14189,cluster4
0.083476,0.56736,0.19049,0.11923,0.15093,cluster4
0.074933,0.57766,0.18513,0.11004,0.15354,cluster4
0.062922,0.56963,0.19354,0.1233,0.13671,cluster4
0.068322,0.56236,0.19268,0.1152,0.15508,cluster4
0.087324,0.58368,0.18608,0.12325,0.15492,cluster4
0.082838,0.58727,0.19777,0.12247,0.14175,cluster4
0.080974,0.58698,0.18228,0.11915,0.16029,cluster4
0.066266,0.58079,0.19832,0.12601,0.15599,cluster4
0.092546,0.5746,0.1928,0.12518,0.15198,cluster4
0.074134,0.56479,0.20004,0.11198,0.15883,cluster4
0.072137,0.56858,0.19266,0.098094,0.1581,cluster4
0.062076,0.56864,0.20152,0.11872,0.15788,cluster4
0.08444,0.58135,0.20642,0.12234,0.1517,cluster4
0.069755,0.58232,0.20102,0.11225,0.15345,cluster4
0.0738,0.56918,0.19847,0.11219,0.15685,cluster4
0.069965,0.58383,0.19407,0.11853,0.14285,cluster4
0.070913,0.5655,0.19684,0.11302,0.14908,cluster4
0.076364,0.5729,0.18638,0.12244,0.15115,cluster4
0.07701,0.58248,0.20199,0.10711,0.14619,cluster4
0.073255,0.57312,0.19498,0.11136,0.16168,cluster4
0.076093,0.57051,0.1818,0.11674,0.16345,cluster4
0.073506,0.57465,0.19119,0.12006,0.15488,cluster4
0.06037,0.57998,0.17854,0.1292,0.14675,cluster4
0.077872,0.57112,0.18401,0.10272,0.14991,cluster4
0.066884,0.58131,0.17927,0.12023,0.15158,cluster4
0.086324,0.56593,0.19924,0.11843,0.16165,cluster4
0.066683,0.57618,0.18746,0.1254,0.1463,cluster4
0.085791,0.56741,0.19032,0.11493,0.15664,cluster4
0.080607,0.58281,0.19214,0.12227,0.16133,cluster4
0.067804,0.572,0.19141,0.11107,0.15546,cluster4
0.086759,0.58928,0.19451,0.12506,0.14634,cluster4
0.078914,0.56397,0.19878,0.11986,0.13593,cluster4
0.082235,0.56966,0.18304,0.126,0.15079,cluster4
0.073142,0.56627,0.18441,0.1108,0.13044,cluster4
0.079318,0.57344,0.19244,0.12689,0.1619,cluster4
0.080136,0.57732,0.18018,0.11149,0.16507,cluster4
0.061987,0.57509,0.19806,0.12815,0.16165,cluster4
0.081844,0.5642,0.18794,0.11939,0.14155,cluster4
0.065857,0.57038,0.17169,0.10964,0.15774,cluster4
0.075477,0.56892,0.19952,0.11797,0.15116,cluster4
0.067187,0.58269,0.19509,0.11744,0.14395,cluster4
0.074184,0.57113,0.1851,0.10391,0.15205,cluster4
0.076214,0.58155,0.197,0.11117,0.14734,cluster4
0.069353,0.57031,0.20025,0.11851,0.1628,cluster4
0.073213,0.58807,0.20944,0.10916,0.14758,cluster4
0.066959,0.56948,0.2149,0.11619,0.13703,cluster4
0.078147,0.57811,0.17635,0.11995,0.15612,cluster4
0.074239,0.58557,0.19674,0.10981,0.15057,cluster4
0.077425,0.56677,0.18557,0.13343,0.16142,cluster4
0.082161,0.57508,0.18213,0.10864,0.15884,cluster4
0.078774,0.57949,0.19917,0.11604,0.1643,cluster4
0.068836,0.58699,0.21006,0.11121,0.15579,cluster4
0.073457,0.58149,0.19086,0.1117,0.1541,cluster4
0.083758,0.57317,0.19135,0.12999,0.15433,cluster4
0.088629,0.57706,0.18412,0.11577,0.15437,cluster4
0.073589,0.58305,0.18286,0.10482,0.14876,cluster4
0.071233,0.58135,0.19572,0.12146,0.15509,cluster4
0.060046,0.58706,0.19635,0.10981,0.15587,cluster4
0.070411,0.56265,0.18765,0.11973,0.14746,cluster4
0.07468,0.56653,0.18589,0.11592,0.16518,cluster4
0.097516,0.574,0.20324,0.10473,0.15826,cluster4
0.091591,0.57696,0.19085,0.12512,0.15098,cluster4
0.075768,0.56735,0.18563,0.11693,0.14759,cluster4
0.079014,0.57637,0.19337,0.13243,0.15432,cluster4
0.085885,0.56819,0.20205,0.11855,0.1518,cluster4
0.074764,0.57042,0.20723,0.12104,0.14766,cluster4
0.078671,0.56955,0.19639,0.11176,0.15841,cluster4
0.079398,0.55839,0.19023,0.12004,0.15127,cluster4
0.076761,0.58446,0.19761,0.10313,0.1342,cluster4
0.062051,0.57631,0.19434,0.12182,0.15177,cluster4
0.072179,0.58063,0.17384,0.098291,0.13332,cluster4
0.091244,0.57604,0.20029,0.12296,0.15182,cluster4
0.064522,0.57283,0.19637,0.10822,0.16208,cluster4
0.075637,0.57705,0.19502,0.1263,0.15758,cluster4
0.073944,0.57946,0.1851,0.10568,0.15053,cluster4
0.062222,0.57865,0.1805,0.11878,0.15518,cluster4
0.083039,0.57845,0.1965,0.1118,0.14841,cluster4
0.062995,0.58312,0.19118,0.12522,0.15281,cluster4
0.09023,0.57932,0.19635,0.12322,0.14181,cluster4
0.073201,0.57141,0.2125,0.11818,0.1463,cluster4
0.063606,0.56274,0.18499,0.1155,0.15244,cluster4
0.070897,0.57414,0.19424,0.12771,0.15001,cluster4
0.089399,0.56802,0.18375,0.12849,0.15313,cluster4
0.071234,0.57342,0.19278,0.10972,0.156,cluster4
0.06416,0.58245,0.19526,0.10766,0.16232,cluster4
0.065381,0.58103,0.19191,0.11249,0.15024,cluster4
0.086455,0.57924,0.19296,0.10374,0.15281,cluster4
0.085279,0.57789,0.19074,0.13178,0.16654,cluster4
0.078123,0.56042,0.1819,0.1212,0.15194,cluster4
0.066364,0.56078,0.20313,0.1255,0.15659,cluster4
0.06869,0.57909,0.20927,0.10759,0.14153,cluster4
0.08097,0.55206,0.1993,0.13079,0.16404,cluster4
0.085762,0.56925,0.1884,0.11341,0.15821,cluster4
0.08447,0.56897,0.1787,0.11619,0.1441,cluster4
0.060546,0.58984,0.1914,0.13041,0.15054,cluster4
0.077495,0.57035,0.20092,0.12149,0.14579,cluster4
0.075781,0.56437,0.19247,0.10413,0.14579,cluster4
0.090611,0.55871,0.18454,0.10976,0.15709,cluster4
0.06927,0.58079,0.17264,0.11151,0.15814,cluster4
0.071994,0.58167,0.19511,0.11957,0.15146,cluster4
0.064776,0.58246,0.19954,0.11884,0.15949,cluster4
0.072435,0.56752,0.18395,0.11891,0.15673,cluster4
0.063411,0.56493,0.17857,0.12302,0.1404,cluster4
0.078758,0.575,0.19568,0.10957,0.15458,cluster4
0.086009,0.56655,0.18219,0.11281,0.14794,cluster4
0.081667,0.57257,0.19238,0.11735,0.14672,cluster4
0.075129,0.56927,0.20318,0.11755,0.14719,cluster4
0.07235,0.57508,0.19176,0.11045,0.14373,cluster4
0.081727,0.58189,0.18513,0.10961,0.15283,cluster4
0.086635,0.57916,0.19025,0.12101,0.15069,cluster4
0.074925,0.57428,0.19232,0.10515,0.14481,cluster4
0.083727,0.58056,0.19002,0.11782,0.15937,cluster4
0.085304,0.56665,0.19888,0.11687,0.15105,cluster4
0.093831,0.57529,0.2063,0.11155,0.15758,cluster4
0.085914,0.56923,0.21068,0.11716,0.1525,cluster4
0.066082,0.58248,0.199,0.112,0.16894,cluster4
0.085216,0.56975,0.19272,0.11584,0.15527,cluster4
0.088887,0.57841,0.17917,0.12414,0.14708,cluster4
0.08253,0.57258,0.19962,0.11927,0.15323,cluster4
0.09159,0.57807,0.1856,0.11699,0.14923,cluster4
0.080109,0.58124,0.19219,0.12464,0.15148,cluster4
0.07793,0.5786,0.18821,0.11099,0.14661,cluster4
0.078555,0.58232,0.19502,0.11393,0.14898,cluster4
0.082127,0.57175,0.19086,0.11027,0.15572,cluster4
0.08919,0.58322,0.19917,0.12935,0.14357,cluster4
0.082144,0.59496,0.18826,0.12512,0.16082,cluster4
0.08737,0.58198,0.19183,0.097269,0.15075,cluster4
0.069693,0.57581,0.19194,0.11466,0.15986,cluster4
0.070777,0.5685,0.18908,0.11203,0.14975,cluster4
0.073317,0.57123,0.19176,0.11838,0.14698,cluster4
0.090454,0.5805,0.19674,0.11586,0.16098,cluster4
0.068442,0.56458,0.1905,0.10806,0.15616,cluster4
0.078217,0.58182,0.20417,0.1041,0.14585,cluster4
0.084109,0.57786,0.18865,0.1217,0.16365,cluster4
0.083638,0.59019,0.21377,0.10152,0.15617,cluster4
0.089943,0.57802,0.19688,0.12151,0.16093,cluster4
0.069442,0.56817,0.19793,0.10749,0.16008,cluster4
0.079346,0.57231,0.18804,0.099055,0.15172,cluster4
0.068694,0.56769,0.19048,0.10697,0.15645,cluster4
0.071833,0.58839,0.19318,0.10784,0.15976,cluster4
0.079169,0.57345,0.19083,0.11749,0.16043,cluster4
0.07768,0.58172,0.20298,0.12488,0.15698,cluster4
0.08398,0.55829,0.20569,0.11906,0.16178,cluster4
0.078627,0.57813,0.18141,0.13521,0.14862,cluster4
0.071236,0.57585,0.18033,0.11514,0.15188,cluster4
0.076002,0.57986,0.19207,0.11516,0.15225,cluster4
0.069319,0.58681,0.18436,0.10099,0.14939,cluster4
0.07547,0.57104,0.19236,0.11825,0.15661,cluster4
0.084286,0.57207,0.19181,0.12043,0.15886,cluster4
0.065214,0.58345,0.18488,0.11837,0.15406,cluster4
0.07983,0.58552,0.17542,0.11386,0.15794,cluster4
0.076415,0.56613,0.18555,0.11314,0.14539,cluster4
0.083001,0.57321,0.18974,0.10093,0.15535,cluster4
0.077982,0.57206,0.1915,0.11422,0.16164,cluster4
0.084701,0.5693,0.18181,0.11332,0.14959,cluster4
0.077032,0.57389,0.2021,0.1107,0.157,cluster4
0.077562,0.5723,0.19358,0.12184,0.14097,cluster4
0.072442,0.57704,0.1932,0.10732,0.16271,cluster4
0.084104,0.57275,0.19294,0.10408,0.1378,cluster4
0.075365,0.56904,0.18703,0.10956,0.15566,cluster4
0.066381,0.56969,0.21035,0.1247,0.15745,cluster4
0.091035,0.56604,0.1823,0.1216,0.15296,cluster4
0.057078,0.56849,0.19796,0.11352,0.15627,cluster4
0.076485,0.57195,0.18148,0.12758,0.15806,cluster4
0.07249,0.57844,0.18948,0.11901,0.1553,cluster4
0.078264,0.56606,0.18745,0.1262,0.16004,cluster4
0.081662,0.58413,0.19864,0.12253,0.15562,cluster4
0.075717,0.57488,0.19747,0.11037,0.14347,cluster4
0.085013,0.58873,0.19302,0.11228,0.14563,cluster4
0.072818,0.56485,0.19603,0.1008,0.16442,cluster4
0.086132,0.57211,0.18107,0.11815,0.14718,cluster4
0.068819,0.58503,0.18916,0.12136,0.15893,cluster4
0.61412,0.87951,0.76334,0.10823,0.22347,cluster5
0.61807,0.91248,0.76148,0.10819,0.22615,cluster5
0.61277,0.886,0.76431,0.11268,0.2408,cluster5
0.6158,0.87911,0.76032,0.10941,0.22495,cluster5
0.61164,0.88777,0.7894,0.10822,0.23409,cluster5
0.61482,0.86596,0.76262,0.11066,0.23924,cluster5
0.61182,0.87916,0.75733,0.11792,0.23323,cluster5
0.61971,0.87254,0.77263,0.11775,0.21843,cluster5
0.61029,0.87406,0.77438,0.099762,0.22899,cluster5
0.61744,0.87663,0.76411,0.1044,0.21958,cluster5
0.6069,0.88551,0.78342,0.12141,0.23734,cluster5
0.60586,0.88915,0.78156,0.11325,0.2331,cluster5
0.62546,0.89032,0.76393,0.11707,0.22842,cluster5
0.61345,0.86837,0.75877,0.10868,0.22747,cluster5
0.6171,0.87743,0.76693,0.096065,0.23273,cluster5
0.6061,0.88314,0.77463,0.11513,0.22197,cluster5
0.613,0.8735,0.76874,0.10765,0.22489,cluster5
0.6097,0.87105,0.77817,0.12047,0.21852,cluster5
0.61325,0.87773,0.7714,0.11119,0.23232,cluster5
0.62696,0.87611,0.76787,0.11975,0.22017,cluster5
0.61852,0.89025,0.78737,0.11439,0.2298,cluster5
0.61604,0.87604,0.75677,0.11161,0.24006,cluster5
0.6103,0.88479,0.77426,0.11294,0.22646,cluster5
0.6299,0.87638,0.78457,0.11867,0.23272,cluster5
0.62702,0.87266,0.77911,0.10718,0.21966,cluster5
0.60724,0.88956,0.76742,0.12455,0.24162,cluster5
0.61977,0.88207,0.76668,0.10745,0.22194,cluster5
0.62166,0.88776,0.77929,0.10825,0.23148,cluster5
0.60642,0.8707,0.77024,0.12653,0.22724,cluster5
0.62828,0.8761,0.76288,0.11574,0.22338,cluster5
0.61455,0.88974,0.75942,0.12136,0.21754,cluster5
0.62063,0.88454,0.7701,0.10565,0.22348,cluster5
0.61638,0.86965,0.76807,0.11595,0.22607,cluster5
0.62576,0.88233,0.76594,0.12424,0.23166,cluster5
0.6158,0.87951,0.76321,0.11328,0.22966,cluster5
0.61651,0.87773,0.76446,0.11744,0.22744,cluster5
0.622,0.89256,0.76372,0.11928,0.22988,cluster5
0.60743,0.87961,0.77791,0.12534,0.23506,cluster5
0.62439,0.88025,0.76759,0.10583,0.22792,cluster5
0.62127,0.8776,0.76419,0.11427,0.22842,cluster5
0.62549,0.90049,0.78301,0.099908,0.23284,cluster5
0.63198,0.88542,0.77093,0.11106,0.24564,cluster5
0.62849,0.89003,0.76319,0.10384,0.23931,cluster5
0.60725,0.87787,0.77304,0.09874,0.24118,cluster5
0.63361,0.88626,0.75934,0.10471,0.23578,cluster5
0.62359,0.89068,0.77023,0.11226,0.23423,cluster5
0.60899,0.88073,0.77411,0.12232,0.23469,cluster5
0.6123,0.8902,0.77206,0.11505,0.22153,cluster5
0.63664,0.88826,0.77215,0.12049,0.21755,cluster5
0.63312,0.88084,0.76533,0.11054,0.21534,cluster5
0.60557,0.86858,0.76064,0.12402,0.23638,cluster5
0.62068,0.88651,0.75457,0.12062,0.2324,cluster5
0.61519,0.88392,0.77451,0.12431,0.23656,cluster5
0.59963,0.88899,0.78404,0.11744,0.25023,cluster5
0.61443,0.87972,0.77927,0.11318,0.24269,cluster5
0.59997,0.87883,0.77588,0.12212,0.23374,cluster5
0.61756,0.89315,0.76677,0.11748,0.22979,cluster5
0.61535,0.89524,0.77125,0.11302,0.22612,cluster5
0.61761,0.88696,0.77007,0.11596,0.22615,cluster5
0.59521,0.8988,0.76376,0.10133,0.22951,cluster5
0.61775,0.88054,0.76644,0.10869,0.22232,cluster5
0.60959,0.87124,0.76125,0.11935,0.21638,cluster5
0.61552,0.87254,0.76821,0.10839,0.23526,cluster5
0.61022,0.86957,0.77389,0.11088,0.22174,cluster5
0.63261,0.88121,0.77005,0.11608,0.23337,cluster5
0.61932,0.88498,0.77635,0.10879,0.24915,cluster5
0.61756,0.87465,0.77521,0.11011,0.21634,cluster5
0.61826,0.89396,0.77782,0.10891,0.22009,cluster5
0.60933,0.88365,0.77739,0.11983,0.22771,cluster5
0.62098,0.878,0.76109,0.10288,0.23011,cluster5
0.61651,0.87797,0.78494,0.12464,0.24012,cluster5
0.61034,0.89957,0.76633,0.12409,0.2279,cluster5
0.6144,0.87211,0.7721,0.11777,0.2195,cluster5
0.62301,0.87938,0.77002,0.11312,0.23944,cluster5
0.61454,0.8873,0.76996,0.11472,0.21867,cluster5
0.61707,0.88157,0.77142,0.11411,0.23088,cluster5
0.62214,0.85976,0.76546,0.12266,0.23993,cluster5
0.62242,0.88898,0.76338,0.10818,0.21636,cluster5
0.61956,0.87522,0.77891,0.11352,0.22686,cluster5
0.61552,0.88999,0.76302,0.10138,0.23113,cluster5
0.60959,0.8695,0.77734,0.10454,0.23866,cluster5
0.62702,0.87781,0.78186,0.10933,0.23489,cluster5
0.60304,0.88623,0.76175,0.11102,0.22298,cluster5
0.6236,0.87137,0.77154,0.10117,0.22827,cluster5
0.62526,0.88772,0.77052,0.12574,0.23154,cluster5
0.62394,0.88399,0.77001,0.12922,0.23502,cluster5
0.61427,0.87414,0.77538,0.1078,0.22803,cluster5
0.61113,0.87539,0.76977,0.10964,0.23064,cluster5
0.62492,0.87592,0.77251,0.11259,0.22219,cluster5
0.6008,0.87731,0.7684,0.11532,0.22863,cluster5
0.6224,0.87182,0.77143,0.11723,0.23045,cluster5
0.62381,0.889,0.76715,0.10517,0.22466,cluster5
0.6048,0.88459,0.77546,0.11838,0.22716,cluster5
0.61882,0.87738,0.76246,0.096678,0.22397,cluster5
0.61848,0.88886,0.7609,0.10756,0.22506,cluster5
0.61733,0.88697,0.75729,0.11361,0.23092,cluster5
0.61896,0.8865,0.77078,0.12176,0.23521,cluster5
0.62197,0.90248,0.7793,0.1086,0.22146,cluster5
0.62195,0.88146,0.7581,0.10288,0.23985,cluster5
0.61606,0.8824,0.76448,0.10675,0.23448,cluster5
0.61486,0.88845,0.76666,0.11473,0.22563,cluster5
0.62229,0.88331,0.78042,0.10753,0.23101,cluster5
0.61139,0.88164,0.77349,0.10755,0.22846,cluster5
0.60581,0.87339,0.77165,0.099847,0.2152,cluster5
0.60865,0.88628,0.77786,0.11534,0.22454,cluster5
0.61363,0.8824,0.78294,0.11982,0.23356,cluster5
0.61422,0.88261,0.76595,0.11221,0.22885,cluster5
0.60783,0.86911,0.76416,0.11955,0.22651,cluster5
0.61491,0.87912,0.76198,0.11939,0.22544,cluster5
0.61855,0.88148,0.76764,0.11517,0.23665,cluster5
0.61272,0.89102,0.76944,0.11432,0.23205,cluster5
0.61602,0.89377,0.77581,0.11955,0.23357,cluster5
0.62732,0.8852,0.7694,0.11774,0.24383,cluster5
0.61562,0.87377,0.76637,0.12876,0.23686,cluster5
0.62168,0.88568,0.76464,0.1096,0.22192,cluster5
0.62361,0.88705,0.78181,0.11059,0.23352,cluster5
0.63436,0.87134,0.76676,0.11323,0.24397,cluster5
0.61538,0.8782,0.774,0.1114,0.22436,cluster5
0.60566,0.88729,0.78467,0.09745,0.22456,cluster5
0.6219,0.88556,0.77492,0.13115,0.22002,cluster5
0.6212,0.88879,0.76677,0.11967,0.23022,cluster5
0.61303,0.87819,0.77167,0.11509,0.23516,cluster5
0.60867,0.88638,0.79046,0.10712,0.22111,cluster5
0.62304,0.88516,0.77166,0.11434,0.21574,cluster5
0.60693,0.88165,0.76967,0.13053,0.23742,cluster5
0.62727,0.87147,0.76019,0.11346,0.22167,cluster5
0.6039,0.8809,0.76588,0.1201,0.21836,cluster5
0.61894,0.87957,0.77115,0.11113,0.22862,cluster5
0.62263,0.87314,0.76392,0.13877,0.22147,cluster5
0.60833,0.88691,0.77587,0.12588,0.21944,cluster5
0.6282,0.87902,0.77107,0.12447,0.22039,cluster5
0.61487,0.87906,0.78792,0.11573,0.22615,cluster5
0.62228,0.88534,0.77166,0.1313,0.2376,cluster5
0.61163,0.87347,0.77764,0.11702,0.23014,cluster5
0.61083,0.88721,0.77329,0.11383,0.23526,cluster5
0.60911,0.87566,0.77705,0.1025,0.2246,cluster5
0.61844,0.87002,0.76604,0.1252,0.24086,cluster5
0.62929,0.87724,0.76361,0.11143,0.22856,cluster5
0.61943,0.89076,0.76661,0.12523,0.20898,cluster5
0.60866,0.88471,0.76941,0.11805,0.243,cluster5
0.61683,0.88993,0.75966,0.11843,0.228,cluster5
0.61191,0.88438,0.75834,0.10181,0.23483,cluster5
0.63096,0.88654,0.78227,0.11282,0.23231,cluster5
0.61022,0.90181,0.76026,0.11271,0.23126,cluster5
0.61297,0.87558,0.77065,0.11298,0.235,cluster5
0.61566,0.87302,0.77304,0.10022,0.22487,cluster5
0.61575,0.89645,0.77485,0.11399,0.2296,cluster5
0.62043,0.872,0.77872,0.11016,0.2413,cluster5
0.61704,0.88803,0.76742,0.11157,0.21249,cluster5
0.62078,0.89417,0.77631,0.12239,0.22616,cluster5
0.62413,0.88029,0.77679,0.11794,0.24027,cluster5
0.61861,0.88382,0.76108,0.1105,0.22511,cluster5
0.62455,0.88265,0.77047,0.11604,0.23512,cluster5
0.61321,0.88915,0.75766,0.10846,0.22825,cluster5
0.60537,0.88009,0.76937,0.10179,0.22985,cluster5
0.62095,0.89121,0.76324,0.12918,0.23728,cluster5
0.62006,0.889,0.77081,0.12171,0.23347,cluster5
0.60363,0.88482,0.74489,0.13104,0.22395,cluster5
0.61334,0.88798,0.77325,0.11416,0.22098,cluster5
0.60088,0.89392,0.78205,0.11796,0.21999,cluster5
0.61722,0.88753,0.77416,0.12029,0.20793,cluster5
0.61738,0.87017,0.76934,0.12136,0.21744,cluster5
0.6129,0.89617,0.75781,0.11888,0.20973,cluster5
0.62374,0.89821,0.77383,0.10541,0.22179,cluster5
0.61139,0.87842,0.77883,0.11861,0.22294,cluster5
0.62263,0.89213,0.75696,0.13117,0.23248,cluster5
0.60686,0.87646,0.76587,0.10859,0.21384,cluster5
0.61371,0.90528,0.76666,0.1157,0.22178,cluster5
0.61916,0.87788,0.76087,0.12179,0.21924,cluster5
0.6135,0.8943,0.7758,0.096819,0.22375,cluster5
0.62771,0.88899,0.77733,0.1145,0.23825,cluster5
0.60191,0.88154,0.76878,0.10717,0.22563,cluster5
0.61825,0.89098,0.7805,0.10388,0.24589,cluster5
0.6195,0.88292,0.76533,0.11169,0.22801,cluster5
0.6213,0.8874,0.77048,0.12278,0.23353,cluster5
0.60998,0.89461,0.77805,0.1178,0.22843,cluster5
0.61128,0.8897,0.76986,0.11414,0.23637,cluster5
0.61974,0.8794,0.7707,0.12639,0.2232,cluster5
0.61401,0.89334,0.76551,0.11211,0.23024,cluster5
0.61981,0.88938,0.76725,0.12187,0.23689,cluster5
0.61162,0.88215,0.76768,0.12947,0.22257,cluster5
0.62403,0.87337,0.77084,0.11141,0.22987,cluster5
0.62607,0.88732,0.77319,0.11899,0.21817,cluster5
0.61301,0.87575,0.7658,0.11502,0.22623,cluster5
0.60772,0.89066,0.76449,0.10396,0.23474,cluster5
0.61447,0.88658,0.7712,0.10961,0.21059,cluster5
0.61873,0.88862,0.76315,0.11011,0.22954,cluster5
0.62366,0.86697,0.76069,0.12427,0.22139,cluster5
0.6247,0.87756,0.76691,0.11511,0.21326,cluster5
0.59931,0.88606,0.77141,0.11599,0.22629,cluster5
0.6056,0.88049,0.77096,0.10465,0.23641,cluster5
0.61709,0.87094,0.77073,0.11289,0.21938,cluster5
0.61618,0.89031,0.76426,0.11817,0.22871,cluster5
0.62409,0.88395,0.77072,0.10895,0.2246,cluster5
0.62025,0.88533,0.77404,0.10573,0.22101,cluster5
0.62435,0.87599,0.78017,0.10119,0.2313,cluster5
0.61765,0.90244,0.76798,0.12865,0.23304,cluster5
0.61652,0.88894,0.7812,0.12825,0.21873,cluster5
0.61689,0.87716,0.76773,0.11502,0.23491,cluster5
0.59599,0.88607,0.779,0.11436,0.24267,cluster5
0.62987,0.88291,0.77934,0.11231,0.2327,cluster5
0.61608,0.88131,0.77303,0.11169,0.22763,cluster5
0.61131,0.88561,0.77382,0.11597,0.2252,cluster5
0.60678,0.88353,0.77833,0.12497,0.25015,cluster5
0.61109,0.88593,0.76364,0.1175,0.24366,cluster5
0.62438,0.88305,0.77018,0.10206,0.2443,cluster5
0.61747,0.87822,0.76829,0.11144,0.22244,cluster5
0.60682,0.88448,0.76793,0.11071,0.23555,cluster5
0.62425,0.87887,0.7787,0.12491,0.2233,cluster5
0.6332,0.8815,0.77205,0.11876,0.23281,cluster5
0.59157,0.89237,0.7688,0.11948,0.23068,cluster5
0.62409,0.8736,0.77913,0.11164,0.23369,cluster5
0.61256,0.88522,0.77206,0.11643,0.23867,cluster5
0.61026,0.87281,0.77103,0.10608,0.23929,cluster5
0.62143,0.87898,0.76619,0.11793,0.21671,cluster5
0.61204,0.8832,0.76737,0.11171,0.23831,cluster5
0.61104,0.89463,0.77172,0.11447,0.2248,cluster5
0.62772,0.86955,0.79121,0.089609,0.23591,cluster5
0.61728,0.87685,0.76639,0.12326,0.23048,cluster5
0.60986,0.88421,0.78065,0.10872,0.22165,cluster5
0.61335,0.89558,0.76625,0.12133,0.22884,cluster5
0.61698,0.8745,0.78097,0.10736,0.229,cluster5
0.61029,0.86368,0.78413,0.10445,0.21842,cluster5
0.61631,0.88075,0.77925,0.12631,0.22408,cluster5
0.61649,0.88911,0.77421,0.13281,0.21963,cluster5
0.6201,0.88819,0.77491,0.12218,0.22945,cluster5
0.60626,0.87688,0.76573,0.12,0.24112,cluster5
0.62802,0.88105,0.78192,0.12456,0.22638,cluster5
0.6066,0.87433,0.76283,0.11434,0.23121,cluster5
0.61357,0.89314,0.76896,0.11433,0.21708,cluster5
0.61283,0.88075,0.76511,0.11643,0.23007,cluster5
0.61009,0.88601,0.76991,0.11612,0.22696,cluster5
0.61502,0.87452,0.76505,0.1103,0.22441,cluster5
0.62013,0.89477,0.77359,0.11579,0.22273,cluster5
0.62191,0.87906,0.78228,0.12038,0.25296,cluster5
0.61863,0.8958,0.75285,0.11829,0.2165,cluster5
0.62668,0.87089,0.77732,0.12452,0.22724,cluster5
0.60067,0.88988,0.77008,0.11766,0.2313,cluster5
0.61109,0.89179,0.76157,0.12442,0.22706,cluster5
0.62137,0.87969,0.76082,0.11842,0.23066,cluster5
0.62586,0.89474,0.77671,0.11499,0.22451,cluster5
0.62328,0.8693,0.76157,0.11776,0.21396,cluster5
0.60893,0.87147,0.75332,0.10859,0.2271,cluster5
0.62021,0.88085,0.78179,0.12024,0.23865,cluster5
0.6085,0.87524,0.77908,0.11708,0.23855,cluster5
0.61666,0.88643,0.77322,0.11963,0.23964,cluster5
0.62233,0.86847,0.77522,0.10286,0.21891,cluster5
0.61457,0.89992,0.76292,0.10145,0.24625,cluster5
0.60683,0.87617,0.76673,0.12207,0.23251,cluster5
0.61983,0.87906,0.77283,0.10244,0.2248,cluster5
0.61633,0.89254,0.7753,0.11623,0.23357,cluster5
0.6206,0.86763,0.77216,0.11447,0.23145,cluster5
0.61922,0.88824,0.74868,0.1183,0.22827,cluster5
0.61744,0.8954,0.771,0.1101,0.21852,cluster5
0.60852,0.88931,0.77075,0.11221,0.23162,cluster5
0.20891,0.67311,0.62181,0.36976,0.24497,noise
0.76234,0.039402,0.43394,0.79104,0.085028,noise
0.38777,0.035017,0.61505,0.23354,0.11827,noise
0.61289,0.25914,0.51721,0.45359,0.29376,noise
0.63652,0.19854,0.33758,0.43155,0.32385,noise
0.6865,0.72232,0.50161,0.29655,0.4413,noise
0.22181,0.74608,0.21982,0.12824,0.23024,noise
0.46332,0.35184,0.085091,0.92029,0.33607,noise
0.96263,0.37557,0.47437,0.28215,0.30151,noise
0.89949,0.75118,0.80128,0.78415,0.16703,noise
0.99866,0.75472,0.51098,0.67183,0.32897,noise
0.26957,0.48315,0.2826,0.60601,0.21514,noise
0.39682,0.65818,0.13605,0.42251,0.31812,noise
0.89196,0.54214,0.36029,0.034742,0.20725,noise
0.31718,0.73848,0.72638,0.40558,0.36583,noise
0.47437,0.34935,0.93342,0.52759,0.88208,noise
0.96068,0.48998,0.30393,0.18317,0.62642,noise
0.63407,0.036989,0.71493,0.5803,0.80595,noise
0.23009,0.19551,0.62508,0.071028,0.77273,noise
0.077405,0.036203,0.25638,0.72742,0.44269,noise
0.68749,0.68461,0.080963,0.041351,0.75397,noise
0.093152,0.70824,0.38274,0.5246,0.67646,noise
0.43948,0.24543,0.71295,0.65431,0.89726,noise
0.24463,0.38774,0.27576,0.91433,0.28983,noise
0.94952,0.36058,0.90598,0.43474,0.52132,noise
0.22996,0.58756,0.83118,0.31336,0.30027,noise
0.68837,0.23204,0.61271,0.14179,0.28692,noise
0.32135,0.52457,0.74466,0.59914,0.74285,noise
0.30003,0.87822,0.98738,0.57565,0.54191,noise
0.27104,0.59871,0.55348,0.040297,0.21058,noise
0.38727,0.85583,0.86965,0.57216,0.56517,noise
0.89629,0.74098,0.46178,0.29562,0.55131,noise
0.16236,0.93678,0.13221,0.23322,0.038809,noise
0.038591,0.37571,0.16447,0.33585,0.33874,noise
0.72614,0.042242,0.7848,0.97996,0.54771,noise
0.036204,0.20727,0.66829,0.31128,0.89206,noise
0.61925,0.083784,0.069521,0.56438,0.040188,noise
0.80401,0.46633,0.29142,0.54924,0.88484,noise
0.3374,0.55662,0.33757,0.85419,0.75356,noise
0.29177,0.21239,0.039261,0.70495,0.69939,noise
0.73704,0.35261,0.8836,0.072756,0.16926,noise
0.13112,0.11001,0.21776,0.83603,0.15592,noise
0.9389,0.87217,0.55183,0.93931,0.10527,noise
0.45603,0.56183,0.036297,0.3197,0.30793,noise
0.91087,0.040782,0.31348,0.14367,0.89429,noise
0.80069,0.17267,0.50417,0.54729,0.0833,noise
0.7378,0.34657,0.92629,0.27205,0.43881,noise
0.58498,0.1632,0.67437,0.81446,0.11462,noise
0.23487,0.33825,0.037042,0.37914,0.073748,noise
0.35696,0.1456,0.739,0.39493,0.51515,noise
0.40981,0.29455,0.39164,0.78663,0.033056,noise
0.38729,0.51543,0.2665,0.74134,0.091101,noise
0.34249,0.28096,0.38358,0.59114,0.033087,noise
0.28844,0.82502,0.75338,0.64771,0.90868,noise
0.76392,0.85162,0.30347,0.16473,0.90388,noise
0.85482,0.35188,0.57632,0.42119,0.31014,noise
0.20973,0.86206,0.06911,0.79248,0.83152,noise
0.51517,0.12101,0.17324,0.5239,0.31571,noise
0.96144,0.89632,0.69803,0.35208,0.7807,noise
0.33347,0.15906,0.12815,0.81917,0.87444,noise
0.76437,0.76813,0.69615,0.15842,0.7004,noise
0.56658,0.50362,0.031101,0.40494,0.54497,noise
0.03559,0.33193,0.76966,0.39497,0.98572,noise
0.47832,0.69918,0.48535,0.95665,0.55999,noise
0.13529,0.17637,0.038675,0.37569,0.28125,noise
0.50702,0.66009,0.03913,0.85497,0.68416,noise
0.83624,0.84444,0.9165,0.3435,0.45394,noise
0.9874,0.67546,0.43415,0.38519,0.77032,noise
0.036287,0.24757,0.15504,0.45292,0.2166,noise
0.37271,0.63655,0.3518,0.33303,0.42797,noise
0.33526,0.79071,0.11424,0.56169,0.57346,noise
0.56151,0.21589,0.70759,0.82123,0.56752,noise
0.568,0.2231,0.59675,0.24829,0.50125,noise
0.82255,0.11242,0.5144,0.77419,0.88881,noise
0.75901,0.059651,0.3042,0.069717,0.7186,noise
0.74618,0.29125,0.23823,0.37923,0.37179,noise
0.58089,0.59934,0.7021,0.68179,0.81636,noise
0.20399,0.13155,0.19039,0.71071,0.04166,noise
0.087236,0.35961,0.71693,0.35902,0.24676,noise
0.19571,0.12378,0.48653,0.18424,0.10648,noise
0.75308,0.17197,0.34452,0.55448,0.37683,noise
0.46841,0.50923,0.32589,0.11429,0.53382,noise
0.03995,0.038354,0.26634,0.4225,0.70106,noise
0.29911,0.58352,0.71999,0.70328,0.59462,noise
0.92284,0.56354,0.53054,0.57099,0.42705,noise
